Comment,Max_PDOP,Max_HDOP,Corr_Type,GPS_Date,Datafile,GNSS_Heigh,Vert_Prec,Horz_Prec,Std_Dev,pt_type,pt_id,site_id,Z,origin,plot_x_utm,plot_y_utm,stem_map,graph
sm.041.ph2,5.0999999,3.2,Postprocessed Code,6/11/2024 0:00:00,mistletoe11.cor,71.926,0.9,0.5,1.085705,stem map,41,ph_2,71.92630000000645,diff gps,1046859.8562976461,455092.1365915161,Y,Y
ed.1.ph2,6.8000002,3.5999999,Postprocessed Code,6/11/2024 0:00:00,mistletoe11.cor,71.606,1.1,0.7,1.029116,edge,1,ph_2,71.60640000000421,diff gps,1046863.9227408333,455100.5971985171,N,Y
ts.168.ph2,6.6999998,3,Postprocessed Code,6/11/2024 0:00:00,mistletoe11.cor,71.466,1,0.6,0.713031,tran start,168,ph_2,71.46630000000005,diff gps,1046854.2316182103,455096.659809675,N,N
ts.235.ph2,6.5,3.0999999,Postprocessed Code,6/11/2024 0:00:00,mistletoe11.cor,69.338,1,0.6,0.945372,tran start,235,ph_2,69.33789999999863,diff gps,1046846.4866086725,455083.9198001895,N,N
sm.042.ph2,7.0999999,1.7,Postprocessed Code,6/11/2024 0:00:00,mistletoe11.cor,69.745,0.9,0.5,0.53808,stem map,42,ph_2,69.74529999999504,diff gps,1046855.6651005711,455082.7439200809,Y,Y
sm.043.ph2,5.4000001,2.5999999,L1L2  Postprocessed Carrier Float,6/11/2024 0:00:00,mistletoe11.cor,72.59,1.1,0.6,0.483114,stem map,43,ph_2,72.58960000000661,diff gps,1046850.7794616143,455075.3870320273,Y,Y
ts.250.ph2,4.6999998,2.4000001,Postprocessed Code,6/11/2024 0:00:00,mistletoe11.cor,68.953,0.6,0.5,0.8312,tran start,250,ph_2,68.95260000000417,diff gps,1046844.2863104146,455066.29058165225,N,N
sm.044.ph2,4.3000002,2,L1L2  Postprocessed Carrier Float,6/11/2024 0:00:00,mistletoe11.cor,66.963,0.7,0.6,1.434321,stem map,44,ph_2,66.96289999999863,diff gps,1046845.7789181776,455063.6120379936,Y,Y
ed.2.ph2,5.6999998,3.0999999,L1  Postprocessed Carrier Float,6/12/2024 0:00:00,mistletoe11.cor,72.787,0.7,0.4,1.002081,edge,2,ph_2,72.78690000000643,diff gps,1046835.5442675202,455058.1536023649,N,Y
lf.1.ph2,2.7,1.4,Postprocessed Code,6/12/2024 0:00:00,mistletoe11.cor,70.49,0.9,0.6,0.373259,landscape feat,1,ph_2,70.48979999999574,diff gps,1046838.543807086,455055.0090086212,N,Y
lf.1.ph2,2.7,1.7,Postprocessed Code,6/12/2024 0:00:00,mistletoe11.cor,70.836,0.6,0.5,0.067814,landscape feat,1,ph_2,70.83599999999569,diff gps,1046842.8067650695,455054.16376381816,N,Y
lf.1.ph2,4.3000002,2.0999999,Postprocessed Code,6/12/2024 0:00:00,mistletoe11.cor,69.964,0.6,0.5,0.131483,landscape feat,1,ph_2,69.96439999999711,diff gps,1046855.3141400326,455063.14014617633,N,Y
te.250.ph2,6.5999999,3.5,Postprocessed Code,6/12/2024 0:00:00,mistletoe11.cor,75.138,0.8,0.7,1.458626,tran end,250,ph_2,75.13830000000598,diff gps,1046834.2228784628,455074.0331437999,N,N
te.235.ph2,9.5,4.0999999,Postprocessed Code,6/12/2024 0:00:00,mistletoe11.cor,80.74,1.2,0.9,1.2012,tran end,235,ph_2,80.7396000000008,diff gps,1046833.718218277,455091.5254515102,N,Y
te.168.ph2,58.9000015,22.7000008,Postprocessed Code,6/12/2024 0:00:00,mistletoe11.cor,84.039,0.9,0.6,1.653918,tran end,168,ph_2,84.0393999999942,diff gps,1046838.7335889994,455101.2990533458,N,Y
ed.1.ph3,3.3,1.4,L1  Postprocessed Carrier Float,6/13/2024 0:00:00,mistletoe11.cor,63.271,0.5,0.4,0.112159,edge,1,ph_3,63.27129999999306,diff gps,1050210.0408573267,447265.99029607524,N,Y
ts.320.ph3,4.0999999,1.6,L1  Postprocessed Carrier Float,6/13/2024 0:00:00,mistletoe11.cor,63.043,0.6,0.4,0.199507,tran start,320,ph_3,63.04309999999532,diff gps,1050210.4830351742,447252.74507285457,N,N
ts.321.ph3,5.5999999,1.9,L1  Postprocessed Carrier Float,6/13/2024 0:00:00,mistletoe11.cor,59.247,0.7,0.5,0.238845,tran start,321,ph_3,59.247099999993225,diff gps,1050213.5906273678,447238.84309872397,N,N
ts.322.ph3,6.1999998,2.2,L1L2  Postprocessed Carrier Float,6/13/2024 0:00:00,mistletoe11.cor,58.066,1.2,0.6,1.035543,tran start,322,ph_3,58.06570000000647,diff gps,1050220.5512523693,447225.6120629647,N,N
ed.2.ph3,3.8,1.7,Postprocessed Code,6/13/2024 0:00:00,mistletoe11.cor,54.981,0.7,0.5,0.033142,edge,2,ph_3,54.98070000000007,diff gps,1050220.1237107292,447213.07310128707,N,Y
te.322.ph3,4.4000001,2.0999999,L1L2  Postprocessed Carrier Float,6/13/2024 0:00:00,mistletoe11.cor,58.46,0.9,0.5,0.556609,tran end,322,ph_3,58.4603999999963,diff gps,1050237.831375867,447229.977566829,N,Y
te.321.ph3,2.9000001,1.6,Postprocessed Code,6/13/2024 0:00:00,mistletoe11.cor,51.844,0.6,0.5,0.1659,tran end,321,ph_3,51.843900000007125,diff gps,1050249.0606007013,447247.2183805063,N,Y
te.320.ph3,4,3,Postprocessed Code,6/13/2024 0:00:00,mistletoe11.cor,56.242,1,0.6,0.959286,tran end,320,ph_3,56.24210000000312,diff gps,1050225.7514005615,447255.6083635239,N,Y
sm.045.ph3,2.9000001,1.9,Postprocessed Code,6/14/2024 0:00:00,mistletoe11.cor,64.783,0.6,0.5,0.583274,stem map,45,ph_3,64.78320000000531,diff gps,1050207.7748452637,447255.11269699293,Y,Y
sm.046.ph3,3.7,2,L1  Postprocessed Carrier Float,6/14/2024 0:00:00,mistletoe11.cor,65.861,0.6,0.4,0.448986,stem map,46,ph_3,65.86109999999462,diff gps,1050207.4638765163,447243.49004085036,Y,Y
sm.047.ph3,4.6999998,1.7,Postprocessed Code,6/14/2024 0:00:00,mistletoe11.cor,67.233,0.7,0.5,0.087752,stem map,47,ph_3,67.2326999999932,diff gps,1050210.5026768767,447226.6915709384,Y,Y
sm.048.ph3,3.5999999,1.4,Postprocessed Code,6/14/2024 0:00:00,mistletoe11.cor,59.414,0.5,0.4,0.109806,stem map,48,ph_3,59.41370000000461,diff gps,1050218.2677064051,447215.1238494582,Y,Y
lf.1.ph3,3.8,1.4,Postprocessed Code,6/14/2024 0:00:00,mistletoe11.cor,65.047,0.7,0.5,0.080663,landscape feat,1,ph_3,65.04660000000149,diff gps,1050208.3451154828,447218.7180775114,N,Y
lf.1.ph3,2.5,1.2,Postprocessed Code,6/14/2024 0:00:00,mistletoe11.cor,67.668,0.6,0.4,0.050482,landscape feat,1,ph_3,67.66749999999593,diff gps,1050214.0067314343,447223.7642694658,N,Y
lf.1.ph3,2.5999999,1.3,Postprocessed Code,6/14/2024 0:00:00,mistletoe11.cor,63.409,1.3,0.7,0,landscape feat,1,ph_3,63.40929999999934,diff gps,1050216.6029445352,447230.196463536,N,Y
lf.1.ph3,2.5,1.3,Postprocessed Code,6/14/2024 0:00:00,mistletoe11.cor,63.313,0.6,0.5,0.135792,landscape feat,1,ph_3,63.313099999999395,diff gps,1050210.5589160887,447237.22984689905,N,Y
lf.1.ph3,2.8,1.6,L1  Postprocessed Carrier Float,6/14/2024 0:00:00,mistletoe11.cor,68.011,1.1,0.6,0.347589,landscape feat,1,ph_3,68.01119999999355,diff gps,1050212.223725701,447245.0803807033,N,Y
ed.1.mi1,27.7999992,16.2999992,Postprocessed Code,6/28/2023 0:00:00,mistletoe.cor,195.66,0.9,0.7,2.110134,edge,1,mi_1,195.6603999999934,diff gps,1264041.9679798456,476878.72307012754,N,Y
ts.2.mi1,13.6000004,6.3000002,Postprocessed Code,6/28/2023 0:00:00,mistletoe.cor,196.072,0.7,0.4,1.462814,tran start,140,mi_1,196.07200000000012,diff gps,1264051.9044628434,476900.73791575484,N,N
ts.3.mi1,6.6999998,3.5999999,L1  Postprocessed Carrier Float,6/28/2023 0:00:00,mistletoe.cor,193.51,1.1,0.6,1.219199,tran start,141,mi_1,193.5100999999995,diff gps,1264063.3338420368,476910.270702716,N,N
ed.2.mi1,11.1000004,5.1999998,Postprocessed Code,6/28/2023 0:00:00,mistletoe.cor,196.008,0.1,0.1,1.816816,edge,2,mi_1,196.00819999999658,diff gps,1264073.4649522149,476916.8984115585,N,Y
sm.1.mi1,4.5999999,3.3,Postprocessed Code,6/28/2023 0:00:00,mistletoe.cor,201.189,0,0,0,stem map,21,mi_1,201.18910000000324,diff gps,1264035.7193807263,476884.5666117641,Y,Y
sm.2.mi1,4.1999998,1.7,L1  Postprocessed Carrier Float,6/28/2023 0:00:00,mistletoe.cor,199.412,0.1,0,0.005349,stem map,22,mi_1,199.41190000000643,diff gps,1264040.998409457,476897.6313732785,Y,Y
sm.3.mi1,9.5,4.5,L1L2  Postprocessed Carrier Float,6/29/2023 0:00:00,mistletoe.cor,194.291,0.4,0.4,0.746783,stem map,23,mi_1,194.29099999999744,diff gps,1264054.163295695,476906.9483495841,Y,Y
sm.4.mi1,6.3000002,2.8,Postprocessed Code,6/29/2023 0:00:00,mistletoe.cor,189.597,1.1,0.7,0.940151,stem map,24,mi_1,189.5975000000035,diff gps,1264063.7220611605,476917.4652261498,Y,Y
ip.3.mi1,5.4000001,3.3,Postprocessed Code,6/29/2023 0:00:00,mistletoe2.cor,194.093,1,0.7,1.226014,infect perim,3,mi_1,194.09249999999884,diff gps,1264057.3718789974,476899.4694446893,N,Y
ip.2.mi1,6.9000001,4.1999998,Postprocessed Code,6/29/2023 0:00:00,mistletoe2.cor,191.983,0.2,0.2,0.531237,infect perim,2,mi_1,191.98249999999825,diff gps,1264068.4372664914,476902.38860200567,N,Y
ip.4.mi1,3.5999999,1.7,L1  Postprocessed Carrier Float,6/29/2023 0:00:00,mistletoe2.cor,197.259,0.5,0.3,1.068613,infect perim,4,mi_1,197.25860000000102,diff gps,1264058.0826768368,476897.88388354285,N,Y
ip.5.mi1,4.3000002,2.7,Postprocessed Code,6/29/2023 0:00:00,mistletoe2.cor,195.646,1,0.6,1.331345,infect perim,5,mi_1,195.64569999999367,diff gps,1264057.447561991,476891.22219376575,N,Y
ip.7.mi1,5.3000002,2.8,L1L2  Postprocessed Carrier Float,6/29/2023 0:00:00,mistletoe2.cor,203.904,0.5,0.4,2.419503,infect perim,7,mi_1,203.9042000000045,diff gps,1264050.8263029382,476873.0083838483,N,Y
ip.1.mi1,3.2,2.3,Postprocessed Code,6/29/2023 0:00:00,mistletoe2.cor,189.508,0.7,0.3,1.466002,infect perim,1,mi_1,189.50770000000193,diff gps,1264083.6916908158,476901.91148014535,N,Y
ip.6.mi1,5,2.9000001,L1L2  Postprocessed Carrier Float,6/30/2023 0:00:00,mistletoe2.cor,193.938,0.7,0.6,1.290463,infect perim,6,mi_1,193.93829999999434,diff gps,1264060.7900578335,476874.6876429882,N,Y
te.2.mi1,6.8000002,2.5999999,L1L2  Postprocessed Carrier Float,6/30/2023 0:00:00,mistletoe2.cor,193.186,0.3,0.1,1.714266,tran end,140,mi_1,193.18570000000182,diff gps,1264067.5947321025,476885.366653971,N,Y
re.1.mi1,11.8999996,5.5,L1  Postprocessed Carrier Float,6/30/2023 0:00:00,mistletoe2.cor,195.297,0,0,0,residual,1,mi_1,195.29670000000624,diff gps,1264053.3886755246,476898.19169523363,N,Y
te.3.mi1,11.3000002,9.1000004,Postprocessed Code,6/30/2023 0:00:00,mistletoe2.cor,194.237,0.7,0.8,2.322006,tran end,141,mi_1,194.23649999999907,diff gps,1264078.4713709746,476893.0382137177,N,Y
re.2.mi1,6,3.4000001,Postprocessed Code,6/30/2023 0:00:00,mistletoe2.cor,192.754,0.3,0.2,0.030191,residual,2,mi_1,192.75410000000556,diff gps,1264071.151964022,476904.7372649209,N,Y
re.3.mi1,6.1999998,2.5999999,Postprocessed Code,6/30/2023 0:00:00,mistletoe2.cor,193.26,0.7,0.6,1.354394,residual,3,mi_1,193.25999999999476,diff gps,1264065.4023592763,476905.6441425452,N,Y
ed.1.mi2,9.8999996,3.5,Postprocessed Code,6/30/2023 0:00:00,mistletoe2.cor,212.892,1,0.5,2.130901,edge,1,mi_2,212.89220000000205,diff gps,1267921.5542719238,475517.22270854405,N,Y
ts.1.mi2,6.4000001,3.3,Postprocessed Code,6/30/2023 0:00:00,mistletoe2.cor,201.52,1,0.7,2.061388,tran start,122,mi_2,201.51989999999932,diff gps,1267912.8954197238,475532.6447260645,N,N
ts.2.mi2,6.3000002,2.4000001,L1L2  Postprocessed Carrier Float,6/30/2023 0:00:00,mistletoe2.cor,198.975,1.1,0.5,0.519435,tran start,124,mi_2,198.97500000000582,diff gps,1267903.8198025639,475545.7496391422,N,N
ts.3.mi2,5.5999999,1.5,Postprocessed Code,6/30/2023 0:00:00,mistletoe2.cor,201.912,1,0.5,1.244079,tran start,129,mi_2,201.91229999999632,diff gps,1267896.4669272327,475559.12780401856,N,N
ed.2.mi2,6,4.5,L1  Postprocessed Carrier Float,6/30/2023 0:00:00,mistletoe2.cor,206.381,0.5,0.4,1.284625,edge,2,mi_2,206.3813999999984,diff gps,1267890.9908089312,475568.3372711236,N,Y
sm.1.mi2,5.9000001,2.7,Postprocessed Code,7/4/2023 0:00:00,mistletoe3.cor,211.314,0.4,0.3,1.866687,stem map,14,mi_2,211.31429999999818,diff gps,1267910.6657829524,475519.1806490111,Y,Y
sm.2.mi2,16.7999992,10,L1  Postprocessed Carrier Float,7/4/2023 0:00:00,mistletoe3.cor,201.088,0.9,0.6,1.247015,stem map,15,mi_2,201.08809999999357,diff gps,1267913.1875384385,475527.2093189027,Y,Y
sm.3.mi2,6.9000001,3.8,L1L2  Postprocessed Carrier Float,7/4/2023 0:00:00,mistletoe3.cor,204.237,0.3,0.3,1.228354,stem map,16,mi_2,204.23669999999402,diff gps,1267905.7002651843,475532.92088184407,Y,Y
sm.4.mi2,16.6000004,8.1000004,L1  Postprocessed Carrier Float,7/4/2023 0:00:00,mistletoe3.cor,197.433,0.9,0.7,1.870514,stem map,17,mi_2,197.4326000000001,diff gps,1267901.4320620317,475540.253027775,Y,Y
sm.5.mi2,4.4000001,2.7,Postprocessed Code,7/4/2023 0:00:00,mistletoe3.cor,209.575,0.7,0.5,1.16171,stem map,18,mi_2,209.5751000000018,diff gps,1267899.0019507832,475540.3881598754,Y,Y
sm.6.mi2,4.1999998,2.4000001,L1  Postprocessed Carrier Float,7/4/2023 0:00:00,mistletoe3.cor,202.206,1.3,0.6,0.682987,stem map,19,mi_2,202.20630000000529,diff gps,1267895.0011417205,475553.97673179535,Y,Y
ip.1.mi2,6.0999999,4.6999998,Postprocessed Code,7/5/2023 0:00:00,mistletoe3.cor,210.821,0.7,0.4,1.656084,infect perim,1,mi_2,210.82150000000547,diff gps,1267930.5282389524,475526.30153093085,N,Y
ip.2.mi2,16.3999996,9.6999998,Postprocessed Code,7/5/2023 0:00:00,mistletoe3.cor,212.603,0.7,0.5,2.01287,infect perim,2,mi_2,212.60319999999774,diff gps,1267922.0378297085,475530.3444670015,N,Y
ip.3.mi2,4.3000002,2.5999999,L1L2  Postprocessed Carrier Float,7/5/2023 0:00:00,mistletoe3.cor,204.824,0.8,0.4,1.310785,infect perim,3,mi_2,204.82420000000275,diff gps,1267921.3510110045,475544.17951121274,N,Y
ip.4.mi2,4.9000001,3,Postprocessed Code,7/5/2023 0:00:00,mistletoe3.cor,202.886,0.7,0.4,0.838995,infect perim,4,mi_2,202.88580000000366,diff gps,1267914.5661986077,475546.3357575358,N,Y
ip.6.mi2,4.8000002,3.0999999,L1L2  Postprocessed Carrier Float,7/5/2023 0:00:00,mistletoe3.cor,207.084,0.7,0.4,0.554108,infect perim,6,mi_2,207.0835999999981,diff gps,1267911.171658137,475565.02604393644,N,Y
ip.7.mi2,3.9000001,2.3,Postprocessed Code,7/5/2023 0:00:00,mistletoe3.cor,203.151,0.6,0.4,1.523957,infect perim,7,mi_2,203.15080000000307,diff gps,1267906.2201034026,475567.0958072784,N,Y
ip.8.mi2,4.1999998,3.5,L1  Postprocessed Carrier Float,7/5/2023 0:00:00,mistletoe3.cor,207.425,0.6,0.3,1.140826,infect perim,8,mi_2,207.4250000000029,diff gps,1267907.9752563029,475574.2348486476,N,Y
te.1.mi2,4.4000001,2.5999999,Postprocessed Code,7/6/2023 0:00:00,mistletoe3.cor,205.326,0.9,0.4,0.654495,tran end,122,mi_2,205.32600000000093,diff gps,1267926.2142764542,475538.91932611354,N,Y
ip.5.mi2,4.9000001,2.9000001,L1L2  Postprocessed Carrier Float,7/6/2023 0:00:00,mistletoe3.cor,207.907,0.6,0.3,0.933282,infect perim,5,mi_2,207.90750000000116,diff gps,1267917.2530399607,475552.2990724971,N,Y
te.2.mi2,3.0999999,1.6,Postprocessed Code,7/6/2023 0:00:00,mistletoe3.cor,205.026,0.4,0.1,0.908012,tran end,124,mi_2,205.02650000000725,diff gps,1267918.0437861527,475550.56841110263,N,Y
te.3.mi2,4,2.8,L1  Postprocessed Carrier Float,7/6/2023 0:00:00,mistletoe3.cor,204.216,0.4,0.3,0.542793,tran end,129,mi_2,204.2155999999959,diff gps,1267912.5418564905,475563.92161942844,N,Y
ed.1.mk1,7.3000002,4.0999999,Postprocessed Code,7/7/2023 0:00:00,mistletoe3.cor,258.067,0.1,0.1,0.855453,edge,1,mk_1,258.06750000000466,diff gps,1248451.2165666062,480746.3531070913,N,Y
ts.100.mk1,3.8,2.0999999,Postprocessed Code,7/7/2023 0:00:00,mistletoe3.cor,252.757,1,0.5,0.561144,tran start,100,mk_1,252.75680000000284,diff gps,1248457.8497495193,480755.38607990305,N,N
ts.101.mk1,5.6999998,2.4000001,Postprocessed Code,7/7/2023 0:00:00,mistletoe3.cor,247.18,1.4,0.8,1.002424,tran start,101,mk_1,247.17979999999807,diff gps,1248468.4830683658,480760.6240633593,N,N
ts.102.mk1,6.4000001,2.8,Postprocessed Code,7/7/2023 0:00:00,mistletoe3.cor,255.434,1.5,0.9,1.147207,tran start,102,mk_1,255.43409999999858,diff gps,1248482.2123437668,480754.60079554876,N,N
ed.2.mk1,6.9000001,3.4000001,L1L2  Postprocessed Carrier Float,7/7/2023 0:00:00,mistletoe3.cor,246.065,0.5,0.4,1.111432,edge,2,mk_1,246.06489999999758,diff gps,1248495.1790101428,480753.2458924567,N,Y
sm.001.mk1,6.8000002,3.2,L1  Postprocessed Carrier Float,7/11/2023 0:00:00,mistletoe4.cor,256.561,1,0.6,1.488958,stem map,1,mk_1,256.5613000000012,diff gps,1248448.8663383634,480757.25890883873,Y,Y
sm.002.mk1,6.4000001,3.5,Postprocessed Code,7/11/2023 0:00:00,mistletoe4.cor,258.025,0.6,0.5,1.395227,stem map,2,mk_1,258.0252000000037,diff gps,1248462.3785379103,480759.8782474301,Y,Y
sm.003.mk1,5,2.7,L1  Postprocessed Carrier Float,7/11/2023 0:00:00,mistletoe4.cor,262.201,1.6,0.9,2.177956,stem map,3,mk_1,262.2005999999965,diff gps,1248472.6751870136,480760.47651067225,Y,Y
sm.004.mk1,14.6999998,6.9000001,Postprocessed Code,7/11/2023 0:00:00,mistletoe4.cor,252.613,1.5,1.1,1.296439,stem map,4,mk_1,252.61320000000703,diff gps,1248491.6877612688,480759.02302462957,Y,Y
ip.2.mk1,4.5,2.2,Postprocessed Code,7/12/2023 0:00:00,mistletoe4.cor,253.181,1.6,1,0.304472,infect perim,2,mk_1,253.18099999999686,diff gps,1248461.1244546485,480734.3933094989,N,Y
ip.3.mk1,6.8000002,3.3,Postprocessed Code,7/12/2023 0:00:00,mistletoe4.cor,249.656,0.9,0.7,0.788919,infect perim,3,mk_1,249.65570000000298,diff gps,1248466.489156213,480743.8447680433,N,Y
re.1.ip.4.mk1,5,2.8,Postprocessed Code,7/12/2023 0:00:00,mistletoe4.cor,256.376,1.7,1,1.602954,infect perim,1,mk_1,256.3761999999988,diff gps,1248477.543813393,480735.7022266096,N,Y
ip.5.mk1,6.1999998,4.4000001,Postprocessed Code,7/12/2023 0:00:00,mistletoe4.cor,254.727,0.5,0.6,1.791165,infect perim,5,mk_1,254.7265999999945,diff gps,1248479.077201311,480744.6138093904,N,Y
ip.1.mk1,4.3000002,2.5999999,Postprocessed Code,7/12/2023 0:00:00,mistletoe4.cor,263.738,1,0.7,0.925592,infect perim,1,mk_1,263.7378000000026,diff gps,1248456.2737597304,480747.0454740835,N,Y
te.100.mk1,13,5.4000001,L1  Postprocessed Carrier Float,7/18/2023 0:00:00,mistletoe5.cor,256.787,0,0,0.005338,tran end,100,mk_1,256.7866999999969,diff gps,1248460.9486053942,480735.91789943614,N,Y
te.101.mk1,10.6999998,4.6999998,Postprocessed Code,7/18/2023 0:00:00,mistletoe5.cor,249.254,1,0.8,1.3971,tran end,101,mk_1,249.2543000000005,diff gps,1248469.3938116988,480743.21779701597,N,N
te.102.mk1,7,3.2,Postprocessed Code,7/18/2023 0:00:00,mistletoe5.cor,247.824,1.6,1.1,0.759221,tran end,102,mk_1,247.82360000000335,diff gps,1248487.2543469837,480735.75070992793,N,Y
rf.1.mk1,6.9000001,3,Postprocessed Code,7/18/2023 0:00:00,mistletoe5.cor,252.848,1.1,0.6,1.492497,ref tree,1,mk_1,252.8475999999937,diff gps,1248499.7661427956,480779.6573204126,N,Y
rf.2.mk1,141.3000031,99.9000015,Postprocessed Code,7/18/2023 0:00:00,mistletoe5.cor,253.881,0.1,0.2,3.960165,ref tree,2,mk_1,253.88099999999395,diff gps,1248511.9955966421,480780.26329541375,N,Y
ed.2.mk2,4.4000001,2.5999999,L1  Postprocessed Carrier Float,7/21/2023 0:00:00,mistletoe5.cor,399.591,0.9,0.7,0.677491,edge,2,mk_2,399.59070000000065,diff gps,1247609.0980454064,483351.6203809146,N,Y
ip.1.mk2,7,3.5999999,Postprocessed Code,7/21/2023 0:00:00,mistletoe5.cor,389.634,0.5,0.4,1.341589,infect perim,1,mk_2,389.63439999999537,diff gps,1247601.0292857457,483370.2482433654,N,Y
ip.2.mk2,5.4000001,3.2,Postprocessed Code,7/21/2023 0:00:00,mistletoe5.cor,391.362,0,0,0.004915,infect perim,2,mk_2,391.3622999999934,diff gps,1247609.815347861,483367.2268486944,N,Y
lf.1.mk2,4.4000001,2.5999999,L1L2  Postprocessed Carrier Float,7/21/2023 0:00:00,mistletoe5.cor,390.107,0.1,0,0.016463,landscape feat,1,mk_2,390.10739999999345,diff gps,1247609.3141980655,483366.90792479913,N,Y
lf.1.mk2,4,2.4000001,L1  Postprocessed Carrier Float,7/21/2023 0:00:00,mistletoe5.cor,395.747,0.8,0.6,0.712236,landscape feat,1,mk_2,395.7470999999932,diff gps,1247614.6743990942,483362.1009088369,N,Y
lf.1.mk2,3.9000001,2.3,Postprocessed Code,7/21/2023 0:00:00,mistletoe5.cor,396.837,1,0.8,0.97124,landscape feat,1,mk_2,396.8371000000043,diff gps,1247620.1267874022,483360.48238924047,N,Y
lf.1.mk2,4.1999998,2.5999999,L1  Postprocessed Carrier Float,7/21/2023 0:00:00,mistletoe5.cor,388.804,1,0.7,0.923963,landscape feat,1,mk_2,388.8034999999945,diff gps,1247622.9570387646,483364.4513290093,N,Y
lf.1.mk2,4.6999998,2.2,Postprocessed Code,7/21/2023 0:00:00,mistletoe5.cor,394.174,1.1,0.9,1.702614,landscape feat,1,mk_2,394.17419999999396,diff gps,1247613.0067452644,483376.13681551674,N,Y
ip.3.mk2,4.5999999,2.3,L1L2  Postprocessed Carrier Float,7/21/2023 0:00:00,mistletoe5.cor,384.285,1,0.6,1.679182,infect perim,3,mk_2,384.2853000000032,diff gps,1247618.1476799164,483384.91654145985,N,Y
re.1.mk2,6.6999998,5.0999999,L1L2  Postprocessed Carrier Float,7/21/2023 0:00:00,mistletoe5.cor,395.621,1.2,0.8,1.474678,residual,1,mk_2,395.6211000000039,diff gps,1247629.64792388,483370.2250557856,N,Y
ip.4.mk2,4.0999999,2.4000001,Postprocessed Code,7/21/2023 0:00:00,mistletoe5.cor,385.645,1.4,0.7,3.276433,infect perim,4,mk_2,385.6447000000044,diff gps,1247629.9495993892,483379.378116991,N,Y
ip.5.mk2,5.4000001,2.8,L1L2  Postprocessed Carrier Float,7/21/2023 0:00:00,mistletoe5.cor,380.312,0.8,0.6,1.2239,infect perim,5,mk_2,380.31179999999586,diff gps,1247652.9849729158,483380.53573782,N,Y
ip.6.mk2,6.0999999,2.7,Postprocessed Code,7/21/2023 0:00:00,mistletoe5.cor,381.449,0.3,0.2,2.261027,infect perim,6,mk_2,381.449099999998,diff gps,1247659.4045131924,483376.64582182054,N,Y
ip.7.mk2,6,2.4000001,Postprocessed Code,7/21/2023 0:00:00,mistletoe5.cor,378.219,1.2,0.6,0.650158,infect perim,7,mk_2,378.2192000000068,diff gps,1247672.508586523,483382.89625008224,N,Y
te.103.mk2,5.9000001,3,L1  Postprocessed Carrier Float,7/21/2023 0:00:00,mistletoe5.cor,375.772,0.9,0.5,1.16837,tran end,103,mk_2,375.77180000000226,diff gps,1247648.353147475,483387.8340355199,N,Y
te.109.mk2,5.5999999,2.9000001,L1  Postprocessed Carrier Float,7/21/2023 0:00:00,mistletoe5.cor,385.22,0.7,0.4,1.092613,tran end,109,mk_2,385.2201999999961,diff gps,1247637.032037292,483387.95192217943,N,Y
te.110.mk2,5.4000001,3.2,L1  Postprocessed Carrier Float,7/21/2023 0:00:00,mistletoe5.cor,382.613,1,0.5,1.350481,tran end,110,mk_2,382.61299999999756,diff gps,1247619.7118693022,483384.9879164068,N,Y
ts.110.mk2,5.0999999,2.7,L1L2  Postprocessed Carrier Float,7/21/2023 0:00:00,mistletoe5.cor,395.472,0.8,0.4,0.518472,tran start,110,mk_2,395.4716000000044,diff gps,1247623.0672120578,483355.79200936906,N,N
sm.007.mk2,9.5,4.5999999,L1L2  Postprocessed Carrier Float,7/21/2023 0:00:00,mistletoe5.cor,392.339,0.4,0.3,1.134922,stem map,7,mk_2,392.33950000000186,diff gps,1247631.0057177327,483352.90897575393,Y,Y
ts.109.mk2,5.3000002,3,Postprocessed Code,7/21/2023 0:00:00,mistletoe5.cor,391.462,0.6,0.5,0.735873,tran start,109,mk_2,391.4616999999998,diff gps,1247636.3823729064,483357.5519222213,N,N
lf.2.mk2,4.6999998,2.5999999,Postprocessed Code,7/21/2023 0:00:00,mistletoe5.cor,385.845,0.5,0.3,1.004779,landscape feat,2,mk_2,385.8451000000059,diff gps,1247636.1044772768,483360.30464217416,N,Y
lf.2.mk2,10.8000002,5,L1  Postprocessed Carrier Float,7/21/2023 0:00:00,mistletoe5.cor,385.611,1.4,0.8,2.007748,landscape feat,2,mk_2,385.6107000000047,diff gps,1247648.3755102258,483358.4653881037,N,Y
lf.2.mk2,4.4000001,2.7,Postprocessed Code,7/21/2023 0:00:00,mistletoe5.cor,390.228,1.5,1,1.764797,landscape feat,2,mk_2,390.2280000000028,diff gps,1247645.6524111226,483359.4842075415,N,Y
lf.2.mk2,4.0999999,2.3,Postprocessed Code,7/21/2023 0:00:00,mistletoe5.cor,392.824,0.4,0.4,0.655172,landscape feat,2,mk_2,392.8237999999983,diff gps,1247636.6202443743,483357.9261520466,N,Y
sm.008.mk2,7.4000001,3.5999999,Postprocessed Code,7/21/2023 0:00:00,mistletoe5.cor,385.374,0.1,0.1,2.766585,stem map,8,mk_2,385.37450000000536,diff gps,1247640.8035636442,483349.719274973,Y,Y
ts.103.mk2,6.0999999,3.7,Postprocessed Code,7/21/2023 0:00:00,mistletoe5.cor,393.662,1.1,0.7,2.688099,tran start,103,mk_2,393.6622000000061,diff gps,1247648.483433974,483364.40415518126,N,N
sm.009.mk2,5.5,3.5999999,Postprocessed Code,7/21/2023 0:00:00,mistletoe5.cor,392.747,1.1,0.7,1.259965,stem map,9,mk_2,392.7473000000027,diff gps,1247656.4977663867,483352.03104794654,Y,Y
ed.1.mk2,5.1999998,3.5999999,Postprocessed Code,7/21/2023 0:00:00,mistletoe5.cor,384.621,0.6,0.5,1.621162,edge,1,mk_2,384.62080000000424,diff gps,1247664.35180719,483353.2379604905,N,Y
sm.006.mk2,2.9000001,1.9,L1L2  Postprocessed Carrier Float,7/21/2023 0:00:00,mistletoe5.cor,394.771,0.3,0.2,0.634866,stem map,6,mk_2,394.7704999999987,diff gps,1247623.2209362572,483348.93635096075,Y,Y
ed.2.mk3,5.5999999,2.4000001,Postprocessed Code,7/24/2023 0:00:00,mistletoe5.cor,202.087,0.9,0.5,1.591515,edge,2,mk_3,202.0868000000046,diff gps,1249940.7664612245,479335.9238479468,N,Y
ts.121.mk3,5.6999998,2.8,Postprocessed Code,7/24/2023 0:00:00,mistletoe5.cor,199.442,0.7,0.4,0.892916,tran start,121,mk_3,199.44199999999546,diff gps,1249939.257227108,479323.2872705547,N,N
sm.013.mk3,4,2,L1L2  Postprocessed Carrier Float,7/24/2023 0:00:00,mistletoe5.cor,195.859,0.2,0.1,1.397974,stem map,13,mk_3,195.8591000000015,diff gps,1249948.2878756095,479326.652634135,Y,Y
sm.012.mk3,4.8000002,2.4000001,L1L2  Postprocessed Carrier Float,7/24/2023 0:00:00,mistletoe5.cor,198.497,0.3,0.2,0.86861,stem map,12,mk_3,198.49739999999292,diff gps,1249946.4323662007,479312.4789770284,Y,Y
ts.120.mk3,6,5,Postprocessed Code,7/24/2023 0:00:00,mistletoe5.cor,195.397,0.3,0.3,1.004288,tran start,120,mk_3,195.3966999999975,diff gps,1249934.1654464537,479309.1831625271,N,N
sm.011.mk3,4.0999999,1.9,L1L2  Postprocessed Carrier Float,7/24/2023 0:00:00,mistletoe5.cor,196.57,0.6,0.4,0.928595,stem map,11,mk_3,196.57050000000163,diff gps,1249940.9067651061,479302.6725564993,Y,Y
ts.115.mk3,3.5,1.8,Postprocessed Code,7/24/2023 0:00:00,mistletoe5.cor,193.379,0.4,0.3,0.88995899999999994,tran start,115,mk_3,193.37880000000587,diff gps,1249927.4763492998,479294.08410956094,N,N
sm.010.mk3,10.3000002,3.4000001,L1  Postprocessed Carrier Float,7/24/2023 0:00:00,mistletoe5.cor,203.724,0.3,0.2,1.659963,stem map,10,mk_3,203.72410000000673,diff gps,1249925.993815415,479278.31629901304,Y,Y
ed.1.mk3,6.9000001,3.2,L1  Postprocessed Carrier Float,7/24/2023 0:00:00,mistletoe5.cor,200.964,0.2,0.3,1.221166,edge,1,mk_3,200.9643999999971,diff gps,1249917.3991453236,479285.7319567427,N,Y
ip.2.mk3,21.2999992,21,L1  Postprocessed Carrier Float,7/24/2023 0:00:00,mistletoe5.cor,195.838,0.4,0.2,1.756282,infect perim,2,mk_3,195.83759999999896,diff gps,1249924.8287972144,479293.44245231606,N,Y
ip.3.mk3,3.7,2.9000001,Postprocessed Code,7/24/2023 0:00:00,mistletoe5.cor,197.654,0.4,0.2,1.317728,infect perim,3,mk_3,197.65350000000035,diff gps,1249924.9618869205,479295.879387885,N,Y
te.115.mk3,4.4000001,3.0999999,L1  Postprocessed Carrier Float,7/24/2023 0:00:00,mistletoe5.cor,203.704,0.6,0.4,0.51941,tran end,115,mk_3,203.7036999999982,diff gps,1249909.1358626885,479305.9725482218,N,Y
te.120.mk3,7.5999999,3.4000001,Postprocessed Code,7/24/2023 0:00:00,mistletoe5.cor,201.474,1.3,1.1,0.661949,tran end,120,mk_3,201.47389999999723,diff gps,1249920.1629991939,479315.91497709317,N,Y
ip.4.mk3,5.5999999,4.4000001,Postprocessed Code,7/24/2023 0:00:00,mistletoe5.cor,202.828,0.9,0.7,1.21077,infect perim,4,mk_3,202.8283999999985,diff gps,1249928.7153961086,479310.6331724226,N,Y
ip.5.mk3,7.1999998,3.5999999,Postprocessed Code,7/24/2023 0:00:00,mistletoe5.cor,203.588,0.8,0.6,0.552115,infect perim,5,mk_3,203.5880000000034,diff gps,1249939.0787554486,479313.3446645588,N,Y
te.121.mk3,7,4.5999999,Postprocessed Code,7/24/2023 0:00:00,mistletoe5.cor,209.891,0.8,0.4,0.844689,tran end,121,mk_3,209.8905999999988,diff gps,1249925.823610212,479328.12514381413,N,Y
lf.1.mk3,6.8000002,4.0999999,Postprocessed Code,7/24/2023 0:00:00,mistletoe5.cor,208.532,1.1,0.9,0.680368,landscape feat,1,mk_3,208.53190000000177,diff gps,1249936.8143722776,479312.03054354235,N,Y
lf.1.mk3,6.5999999,3.9000001,Postprocessed Code,7/24/2023 0:00:00,mistletoe5.cor,208.103,1.3,1,1.341404,landscape feat,1,mk_3,208.10319999999774,diff gps,1249932.608508928,479313.9905839605,N,Y
lf.1.mk3,5.6999998,2.7,Postprocessed Code,7/24/2023 0:00:00,mistletoe5.cor,196.909,2.5,2,0.229794,landscape feat,1,mk_3,196.9085999999952,diff gps,1249925.2012824086,479313.61419892847,N,Y
lf.1.mk3,5.9000001,3.3,Postprocessed Code,7/24/2023 0:00:00,mistletoe5.cor,201.992,1.3,0.8,0.410261,landscape feat,1,mk_3,201.99240000000282,diff gps,1249925.1234092412,479304.5986976695,N,Y
lf.1.mk3,5.1999998,2.3,Postprocessed Code,7/24/2023 0:00:00,mistletoe5.cor,203.621,1.6,0.8,0.2131,landscape feat,1,mk_3,203.62140000000366,diff gps,1249924.9254966504,479296.8471204983,N,Y
lf.1.mk3,5.6999998,3.3,Postprocessed Code,7/24/2023 0:00:00,mistletoe5.cor,200.977,1.3,0.6,1.284023,landscape feat,1,mk_3,200.9771999999939,diff gps,1249913.0424994633,479292.7719205596,N,Y
lf.1.mk3,141.3000031,99.9000015,Postprocessed Code,7/24/2023 0:00:00,mistletoe5.cor,204.567,1.3,0.6,1.337038,landscape feat,1,mk_3,204.56660000000556,diff gps,1249919.6333080702,479290.52712005813,N,Y
lf.1.mk3,3.2,1.9,Postprocessed Code,7/24/2023 0:00:00,mistletoe5.cor,214.495,1.1,0.9,0.127838,landscape feat,1,mk_3,214.4948000000004,diff gps,1249926.5585179261,479294.4942249072,N,Y
lf.1.mk3,5.5,3.2,L1L2  Postprocessed Carrier Float,7/24/2023 0:00:00,mistletoe5.cor,201.329,1.1,0.6,0.945315,landscape feat,1,mk_3,201.32910000000265,diff gps,1249933.7852426786,479304.6065643953,N,Y
re.4.mi1,12.8999996,8.6999998,L1  Postprocessed Carrier Float,8/4/2023 0:00:00,mistletoe6.cor,210.8,1.4,1.1,3.143199,residual,4,mi_1,210.7997000000032,diff gps,1264041.3355833138,476885.10262999014,N,Y
ts.136.mi1,6.9000001,5.0999999,Postprocessed Code,8/4/2023 0:00:00,mistletoe6.cor,198.012,1.2,0.8,1.143828,tran start,136,mi_1,198.0121000000072,diff gps,1264042.54204749,476890.0295341271,N,N
te.136.mi1,4.4000001,1.8,Postprocessed Code,8/4/2023 0:00:00,mistletoe6.cor,192.795,0.8,0.4,0.924831,tran end,136,mi_1,192.7954000000027,diff gps,1264056.9052542134,476874.247568706,N,Y
rf.1.mi1,20.1000004,13.6999998,Postprocessed Code,8/4/2023 0:00:00,mistletoe6.cor,203.52,0.4,0.2,2.359871,ref tree,1,mi_1,203.51989999999932,diff gps,1264050.4221019452,476948.2828546357,N,Y
rf.2.mi1,6.5999999,2.5999999,Postprocessed Code,8/4/2023 0:00:00,mistletoe6.cor,197.528,1.4,0.7,1.292999,ref tree,2,mi_1,197.52790000000095,diff gps,1264045.25183061,476967.9747458015,N,Y
ed.2.cr1,5.8000002,3.5999999,Postprocessed Code,8/12/2023 0:00:00,mistletoe7.cor,99.488,0.9,0.8,1.599013,edge,2,cr_1,99.48850000000675,diff gps,1043645.5636874118,574040.0973782844,N,Y
sm.028.cr1,4.8000002,2,Postprocessed Code,8/12/2023 0:00:00,mistletoe7.cor,87.773,1.2,1,1.143088,stem map,28,cr_1,87.77349999999569,diff gps,1043648.4756319323,574041.7598195075,Y,Y
ts.166.cr1,5.4000001,3.3,Postprocessed Code,8/12/2023 0:00:00,mistletoe7.cor,103.059,0.8,0.6,1.597858,tran start,166,cr_1,103.05860000000393,diff gps,1043648.8474272744,574052.2876520341,N,N
sm.027.cr1,6.3000002,2.5,Postprocessed Code,8/12/2023 0:00:00,mistletoe7.cor,90.803,1,0.6,1.090715,stem map,27,cr_1,90.80280000000492,diff gps,1043659.1900604691,574056.315897099,Y,Y
ts.165.cr1,4.5999999,2.2,Postprocessed Code,8/12/2023 0:00:00,mistletoe7.cor,94.758,0.9,0.6,1.620118,tran start,165,cr_1,94.75819999999658,diff gps,1043662.3582377069,574059.0768028416,N,N
sm.026.cr1,13.6000004,3.3,L1  Postprocessed Carrier Float,8/12/2023 0:00:00,mistletoe7.cor,94.84,0.9,0.5,1.260808,stem map,26,cr_1,94.83990000000631,diff gps,1043669.5846192265,574063.7887718065,Y,Y
ts.164.cr1,10,4.6999998,Postprocessed Code,8/12/2023 0:00:00,mistletoe7.cor,100.548,0.8,0.5,1.378511,tran start,164,cr_1,100.54839999999967,diff gps,1043672.527472624,574067.4094452903,N,N
sm.025.cr1,6.0999999,3.4000001,Postprocessed Code,8/12/2023 0:00:00,mistletoe7.cor,86.845,1.1,0.8,1.679241,stem map,25,cr_1,86.84500000000116,diff gps,1043680.4004683623,574071.5041839147,Y,Y
ed.1.cr1,5.8000002,2.7,Postprocessed Code,8/12/2023 0:00:00,mistletoe7.cor,89.616,1.1,0.6,1.187031,edge,1,cr_1,89.61569999999483,diff gps,1043685.3694206892,574077.4456743002,N,Y
ip.1.cr1,6.6999998,2.9000001,L1  Postprocessed Carrier Float,8/12/2023 0:00:00,mistletoe7.cor,92.621,1.3,0.7,2.43135,infect perim,1,cr_1,92.62129999999888,diff gps,1043684.9498969903,574085.3584110027,N,Y
ip.2.cr1,5.4000001,2.3,Postprocessed Code,8/12/2023 0:00:00,mistletoe7.cor,95.928,1.1,0.8,1.579001,infect perim,2,cr_1,95.92840000000433,diff gps,1043677.0244170252,574088.1676647266,N,Y
ip.3.cr1,4.6999998,3.3,L1  Postprocessed Carrier Float,8/12/2023 0:00:00,mistletoe7.cor,102.195,1,0.6,2.372063,infect perim,3,cr_1,102.19500000000698,diff gps,1043657.3047008805,574088.9311275154,N,Y
ip.4.cr1,6.6999998,3.2,Postprocessed Code,8/12/2023 0:00:00,mistletoe7.cor,113.331,1.2,0.7,2.165835,infect perim,4,cr_1,113.33150000000025,diff gps,1043650.6063111329,574079.0252278475,N,Y
te.164.cr1,5.1999998,2.8,Postprocessed Code,8/12/2023 0:00:00,mistletoe7.cor,99.002,1,0.6,1.146661,tran end,164,cr_1,99.00179999999817,diff gps,1043648.4481639278,574093.5907589984,N,Y
te.165.cr1,4.5,2.3,Postprocessed Code,8/12/2023 0:00:00,mistletoe7.cor,107.418,1.1,0.9,1.986381,tran end,165,cr_1,107.41849999999975,diff gps,1043637.3037171374,574085.8198395459,N,Y
ip.5.cr1,6,3.8,Postprocessed Code,8/12/2023 0:00:00,mistletoe7.cor,104.52,0.8,0.7,1.666257,infect perim,5,cr_1,104.52039999999397,diff gps,1043638.0558972451,574080.6358375209,N,Y
ip.6.cr1,5.3000002,3.2,Postprocessed Code,8/12/2023 0:00:00,mistletoe7.cor,102.621,1,1,1.455219,infect perim,6,cr_1,102.62089999999444,diff gps,1043628.5332516714,574074.3268747865,N,Y
te.166.cr1,6.9000001,4.1999998,Postprocessed Code,8/12/2023 0:00:00,mistletoe7.cor,104.519,0.9,0.8,0.557537,tran end,166,cr_1,104.51900000000025,diff gps,1043623.6066218073,574074.0492660673,N,Y
ip.7.cr1,5.8000002,3.9000001,L1L2  Postprocessed Carrier Float,8/12/2023 0:00:00,mistletoe7.cor,113.775,0.9,0.5,1.372481,infect perim,7,cr_1,113.77509999999893,diff gps,1043623.881924685,574072.7996347506,N,Y
ip.8.cr1,4.5,3.7,Postprocessed Code,8/12/2023 0:00:00,mistletoe7.cor,109.663,0.9,0.6,1.508332,infect perim,8,cr_1,109.66270000000077,diff gps,1043619.9718201954,574068.0098694445,N,Y
ip.9.cr1,10,8.1999998,Postprocessed Code,8/12/2023 0:00:00,mistletoe7.cor,112.532,0.9,0.7,1.898387,infect perim,9,cr_1,112.53160000000209,diff gps,1043620.3123258525,574056.5636146906,N,Y
re.1.cr1,6.3000002,2.9000001,Postprocessed Code,8/12/2023 0:00:00,mistletoe7.cor,105.072,2.3,1.2,1.358724,residual,1,cr_1,105.07150000000547,diff gps,1043641.5858770987,574065.5675704718,N,Y
lf.1.cr1,12.8000002,8,Postprocessed Code,8/12/2023 0:00:00,mistletoe7.cor,106.997,2.7,1.5,0,landscape feat,1,cr_1,106.99739999999292,diff gps,1043640.6098908359,574053.096708703,N,Y
lf.1.cr1,3.0999999,2,Postprocessed Code,8/12/2023 0:00:00,mistletoe7.cor,94.503,0.9,0.6,0.988717,landscape feat,1,cr_1,94.50260000000708,diff gps,1043653.0869157988,574063.5158858089,N,Y
lf.1.cr1,6.5,3,Postprocessed Code,8/12/2023 0:00:00,mistletoe7.cor,96.976,0.9,0.6,1.041442,landscape feat,1,cr_1,96.97560000000522,diff gps,1043668.212475467,574075.7742907029,N,Y
lf.1.cr1,9.3000002,3,Postprocessed Code,8/12/2023 0:00:00,mistletoe7.cor,104.473,0.9,0.6,0.945541,landscape feat,1,cr_1,104.47329999999783,diff gps,1043673.5285392434,574094.285348382,N,Y
re.2.cr1,8,3.4000001,Postprocessed Code,8/12/2023 0:00:00,mistletoe7.cor,105.059,0.5,0.4,1.116904,residual,2,cr_1,105.05899999999383,diff gps,1043638.1685485502,574055.6150278635,N,Y
rf.1.cr1,4.9000001,3.8,Postprocessed Code,8/12/2023 0:00:00,mistletoe7.cor,175.381,1.6,1.7,0.063525,ref tree,1,cr_1,175.38120000000345,diff gps,1043066.6233898385,574452.6481502178,N,Y
rf.2.cr1,11,5.1999998,Postprocessed Code,8/12/2023 0:00:00,mistletoe7.cor,163.825,1.1,0.7,1.770026,ref tree,2,cr_1,163.8251000000018,diff gps,1043073.9965136952,574465.1085927483,N,Y
ip.1.cr2,6.9000001,3.2,L1L2  Postprocessed Carrier Float,8/26/2023 0:00:00,mistletoe8.cor,139.603,1.2,0.7,1.670977,infect perim,1,cr_2,139.60289999999804,diff gps,1041615.9972201687,579398.9740458244,N,Y
ip.2.cr2,6.6999998,3.0999999,L1L2  Postprocessed Carrier Float,8/26/2023 0:00:00,mistletoe8.cor,136.561,1,0.5,1.084373,infect perim,2,cr_2,136.56059999999707,diff gps,1041606.2255433323,579400.4174315553,N,Y
te.222.cr2,9.8999996,3.8,Postprocessed Code,8/26/2023 0:00:00,mistletoe8.cor,141.464,1.2,0.7,1.178866,tran end,222,cr_2,141.46420000000217,diff gps,1041602.2482614865,579404.2107824124,N,Y
te.221.cr2,6.5,2.8,L1  Postprocessed Carrier Float,8/26/2023 0:00:00,mistletoe8.cor,140.103,0.8,0.6,1.332301,tran end,221,cr_2,140.1024999999936,diff gps,1041588.094183445,579409.7180468357,N,Y
ip.3.cr2,21.7999992,13.8000002,Postprocessed Code,8/26/2023 0:00:00,mistletoe8.cor,136.417,0.9,0.5,0.760988,infect perim,3,cr_2,136.41680000000633,diff gps,1041586.4500270418,579403.4221817078,N,Y
ip.4.cr2,8.6000004,2.8,L1  Postprocessed Carrier Float,8/26/2023 0:00:00,mistletoe8.cor,136.895,0.9,0.6,0.96082,infect perim,4,cr_2,136.89479999999458,diff gps,1041572.9837500217,579405.8953538133,N,Y
te.219.cr2,8,2.7,L1L2  Postprocessed Carrier Float,8/26/2023 0:00:00,mistletoe8.cor,146.262,1.1,0.6,1.108688,tran end,219,cr_2,146.2624000000069,diff gps,1041571.4398954175,579414.8229017248,N,Y
ip.5.cr2,7,3.2,Postprocessed Code,8/26/2023 0:00:00,mistletoe8.cor,141.972,1,0.6,1.805355,infect perim,5,cr_2,141.9722000000038,diff gps,1041560.8725617838,579398.937979775,N,Y
ed.1.cr2,7.3000002,2,L1  Postprocessed Carrier Float,8/26/2023 0:00:00,mistletoe8.cor,140.029,1.3,0.8,1.176573,edge,1,cr_2,140.02880000000005,diff gps,1041559.611745178,579392.7285066722,N,Y
sm.029.cr2,13.8000002,6,Postprocessed Code,8/26/2023 0:00:00,mistletoe8.cor,140.125,1.6,0.9,2.370085,stem map,29,cr_2,140.12519999999495,diff gps,1041563.4406381834,579384.4516460913,Y,Y
ts.219.cr2,8.3999996,2.2,Postprocessed Code,8/26/2023 0:00:00,mistletoe8.cor,130.238,1.1,0.7,1.118786,tran start,219,cr_2,130.2378000000026,diff gps,1041573.6331818332,579391.2031860228,N,N
sm.030.cr2,5.8000002,2.2,Postprocessed Code,8/26/2023 0:00:00,mistletoe8.cor,134.374,1.1,0.6,0.366099,stem map,30,cr_2,134.3744000000006,diff gps,1041580.331239231,579385.400713357,Y,Y
ts.221.cr2,10.3000002,4.4000001,L1L2  Postprocessed Carrier Float,8/26/2023 0:00:00,mistletoe8.cor,136.628,1.1,0.7,0.843787,tran start,221,cr_2,136.62780000000203,diff gps,1041586.144592872,579386.9842823403,N,N
sm.031.cr2,6.3000002,4.3000002,Postprocessed Code,8/26/2023 0:00:00,mistletoe8.cor,146.519,1,0.9,1.214645,stem map,31,cr_2,146.51940000000468,diff gps,1041590.9217224421,579377.5874555461,Y,Y
ts.222.cr2,12.6999998,4,Postprocessed Code,8/26/2023 0:00:00,mistletoe8.cor,128.333,1.5,0.9,1.895627,tran start,222,cr_2,128.33310000000347,diff gps,1041600.4066552455,579382.7948520608,N,N
sm.035.cr2,7.3000002,2,Postprocessed Code,8/26/2023 0:00:00,mistletoe8.cor,142.54,1,0.7,1.044438,stem map,35,cr_2,142.53979999999865,diff gps,1041605.2020671457,579371.1047668881,Y,Y
ed.2.cr2,14.8999996,8.3000002,Postprocessed Code,8/26/2023 0:00:00,mistletoe8.cor,146.029,1.3,1,1.56424,edge,2,cr_2,146.02880000000002,diff gps,1041613.6505172787,579377.9217957415,N,Y
lf.1.cr2,7,4,Postprocessed Code,8/26/2023 0:00:00,mistletoe8.cor,141.309,1.3,1.1,1.617948,landscape feat,1,cr_2,141.30899999999383,diff gps,1041609.8764962365,579378.3165137206,N,Y
lf.1.cr2,3.7,2.5999999,Postprocessed Code,8/26/2023 0:00:00,mistletoe8.cor,142.024,1.2,1.1,0.39922,landscape feat,1,cr_2,142.02419999999984,diff gps,1041590.1341226789,579389.3697548736,N,Y
lf.1.cr2,5.1999998,3.3,Postprocessed Code,8/26/2023 0:00:00,mistletoe8.cor,144.359,1.2,1.3,1.099641,landscape feat,1,cr_2,144.35899999999674,diff gps,1041573.2234954068,579402.5967204361,N,Y
lf.1.cr2,5.9000001,3,Postprocessed Code,8/26/2023 0:00:00,mistletoe8.cor,144.117,0.8,0.9,0.28078,landscape feat,1,cr_2,144.11710000000315,diff gps,1041558.1191246462,579399.7671750917,N,Y
ed.2.ph1,8.1000004,6.4000001,Postprocessed Code,8/31/2023 0:00:00,mistletoe8.cor,278.775,3.3,2.2,0.918379,edge,2,ph_1,278.77449999999953,diff gps,1048576.696918126,451664.17429259804,N,Y
ip.1.ph1,6.8000002,4.8000002,Postprocessed Code,8/31/2023 0:00:00,mistletoe8.cor,262.847,1.9,1.6,1.711343,infect perim,1,ph_1,262.84739999999874,diff gps,1048572.3426695043,451658.45308106457,N,Y
te.266.ph1,8,5.0999999,Postprocessed Code,8/31/2023 0:00:00,mistletoe8.cor,263.077,1.6,1.2,0.776874,tran end,266,ph_1,263.0767000000051,diff gps,1048561.675007449,451642.4116819793,N,Y
te.259.ph1,5.9000001,3.5,Postprocessed Code,8/31/2023 0:00:00,mistletoe8.cor,265.401,1.3,0.9,1.063079,tran end,259,ph_1,265.4005999999936,diff gps,1048559.2550945982,451621.0169062582,N,Y
ip.2.ph1,5.3000002,3.4000001,Postprocessed Code,8/31/2023 0:00:00,mistletoe8.cor,258.796,0.9,0.8,0.533256,infect perim,2,ph_1,258.7963000000018,diff gps,1048567.2202594229,451622.91919391917,N,Y
ip.3.ph1,5.1999998,3.5999999,Postprocessed Code,8/31/2023 0:00:00,mistletoe8.cor,262.017,1,0.9,0.951348,infect perim,3,ph_1,262.0167999999976,diff gps,1048567.9238291272,451608.67429987516,N,Y
te.258.ph1,12,6.0999999,Postprocessed Code,8/31/2023 0:00:00,mistletoe8.cor,261.856,1.7,1,0.641216,tran end,258,ph_1,261.8561999999947,diff gps,1048567.1065921112,451607.3701551292,N,Y
ed.1.ph1,4.4000001,2.5,Postprocessed Code,8/31/2023 0:00:00,mistletoe8.cor,264.623,1.6,1,0.560336,edge,1,ph_1,264.6229000000021,diff gps,1048588.7018540977,451601.7431109359,N,Y
sm.036.ph1,4.1999998,2.2,Postprocessed Code,8/31/2023 0:00:00,mistletoe8.cor,269.127,0.8,0.7,0.433807,stem map,36,ph_1,269.12669999999343,diff gps,1048588.0209797686,451607.9435126535,Y,Y
ts.258.ph1,4.3000002,2.5,L1L2  Postprocessed Carrier Float,8/31/2023 0:00:00,mistletoe8.cor,260.509,0.9,0.7,0.828031,tran start,258,ph_1,260.50930000000517,diff gps,1048585.4930524048,451615.3974007414,N,N
sm.037.ph1,5.6999998,3.5999999,Postprocessed Code,8/31/2023 0:00:00,mistletoe8.cor,266.66,1.3,0.9,1.309719,stem map,37,ph_1,266.6603000000032,diff gps,1048585.0065107183,451625.8559806762,Y,Y
ts.259.ph1,5.5,3.5999999,Postprocessed Code,8/31/2023 0:00:00,mistletoe8.cor,268.705,1.6,1.2,1.405187,tran start,259,ph_1,268.7051999999967,diff gps,1048576.8842272628,451626.34075241676,N,N
sm.038.ph1,28.2000008,12.3000002,Postprocessed Code,8/31/2023 0:00:00,mistletoe8.cor,275.549,2.8,1.6,1.106742,stem map,38,ph_1,275.54869999999937,diff gps,1048579.7397880454,451634.1242030231,Y,Y
ts.266.ph1,70.1999969,25.7000008,Postprocessed Code,8/31/2023 0:00:00,mistletoe8.cor,273.072,2.6,1.5,0.636763,tran start,266,ph_1,273.07240000000456,diff gps,1048577.543487261,451644.482208373,N,N
sm.039.ph1,12.1999998,6.4000001,Postprocessed Code,8/31/2023 0:00:00,mistletoe8.cor,293.019,2.6,1.7,1.294754,stem map,39,ph_1,293.0194000000047,diff gps,1048580.963659624,451647.29021545337,Y,Y
sm.052.cr3,8,3.5999999,L1  Postprocessed Carrier Float,7/19/2024 0:00:00,mistletoecr3.cor,86.047,2,1,1.181212,stem map,52,cr_3,86.04730000000563,diff gps,1040196.752833707,583739.16959149,Y,Y
ed.2.cr3,6,3.9000001,L1  Postprocessed Carrier Float,7/19/2024 0:00:00,mistletoecr3.cor,88.824,0.9,0.6,0.809964,edge,2,cr_3,88.8237999999983,diff gps,1040195.2203132887,583730.3376476148,N,Y
ts.324.cr3,6.6999998,3.7,Postprocessed Code,7/19/2024 0:00:00,mistletoecr3.cor,91.338,0.9,0.6,1.624804,tran start,324,cr_3,91.33779999999388,diff gps,1040207.0983404205,583736.0317062954,N,N
sm.051.cr3,141.3000031,99.9000015,Postprocessed Code,7/19/2024 0:00:00,mistletoecr3.cor,84.469,1.8,0.9,2.557142,stem map,51,cr_3,84.46920000000682,diff gps,1040212.6251981396,583740.4733242827,Y,Y
ts.252.cr3,9.8000002,5.5,Postprocessed Code,7/19/2024 0:00:00,mistletoecr3.cor,84.684,1.2,0.9,0.78322,tran start,252,cr_3,84.68409999999858,diff gps,1040220.3898762434,583740.7551988551,N,N
sm.050.cr3,4.6999998,2.5999999,Postprocessed Code,7/19/2024 0:00:00,mistletoecr3.cor,88.749,1.9,1.3,1.486633,stem map,50,cr_3,88.74850000000151,diff gps,1040224.8196505285,583746.4000576611,Y,Y
ts.249.cr3,4.3000002,2.5999999,L1  Postprocessed Carrier Float,7/19/2024 0:00:00,mistletoecr3.cor,83.358,0.9,0.6,0.79277,tran start,249,cr_3,83.35839999999735,diff gps,1040237.1042834879,583737.8421778519,N,N
sm.049.cr3,5.9000001,2.8,Postprocessed Code,7/19/2024 0:00:00,mistletoecr3.cor,85.452,1.3,0.8,1.992271,stem map,49,cr_3,85.45239999999467,diff gps,1040243.0995895951,583743.9852391253,Y,Y
ed.1.cr3,4.4000001,2.3,Postprocessed Code,7/19/2024 0:00:00,mistletoecr3.cor,87.571,0.8,0.6,0.22173,edge,1,cr_3,87.57080000000133,diff gps,1040247.7234892141,583741.4816751896,N,Y
te.249.cr3,6.3000002,5.4000001,Postprocessed Code,7/19/2024 0:00:00,mistletoecr3.cor,95.606,1.4,1.1,1.852927,tran end,249,cr_3,95.60619999999471,diff gps,1040246.4983718954,583688.4844022276,N,Y
te.252.cr3,5.9000001,2.4000001,Postprocessed Code,7/19/2024 0:00:00,mistletoecr3.cor,98.083,1.8,1,1.533903,tran end,252,cr_3,98.08269999999902,diff gps,1040234.2983251868,583690.6278920355,N,Y
te.324.cr3,5.6999998,4.3000002,L1  Postprocessed Carrier Float,7/19/2024 0:00:00,mistletoecr3.cor,97.822,1.4,1,2.010032,tran end,324,cr_3,97.82210000000487,diff gps,1040213.3778768384,583683.3723244914,N,Y
ts.168.ph2,6.6999998,3,Postprocessed Code,6/11/2024 0:00:00,mistletoe11.cor,71.466,1,0.6,0.713031,tran start,168,ph_2,71.46630000000005,r adj,1046851.0208696637,455092.69540680054,Y,Y
ts.235.ph2,6.5,3.0999999,Postprocessed Code,6/11/2024 0:00:00,mistletoe11.cor,69.338,1,0.6,0.945372,tran start,235,ph_2,69.33789999999863,r adj,1046846.0054989413,455082.92180496495,Y,Y
ts.320.ph3,4.0999999,1.6,L1  Postprocessed Carrier Float,6/13/2024 0:00:00,mistletoe11.cor,63.043,0.6,0.4,0.199507,tran start,320,ph_3,63.04309999999532,r adj,1050211.2625131672,447251.72607784736,Y,Y
ts.321.ph3,5.5999999,1.9,L1  Postprocessed Carrier Float,6/13/2024 0:00:00,mistletoe11.cor,59.247,0.7,0.5,0.238845,tran start,321,ph_3,59.247099999993225,r adj,1050217.8611965121,447238.8585253495,Y,Y
ts.322.ph3,6.1999998,2.2,L1L2  Postprocessed Carrier Float,6/13/2024 0:00:00,mistletoe11.cor,58.066,1.2,0.6,1.035543,tran start,322,ph_3,58.06570000000647,r adj,1050223.3424884726,447226.09528115246,Y,Y
ts.2.mi1,13.6000004,6.3000002,Postprocessed Code,6/28/2023 0:00:00,mistletoe.cor,196.072,0.7,0.4,1.462814,tran start,140,mi_1,196.07200000000012,r adj,1264055.5720846779,476903.19096178096,Y,Y
ts.3.mi1,6.6999998,3.5999999,L1  Postprocessed Carrier Float,6/28/2023 0:00:00,mistletoe.cor,193.51,1.1,0.6,1.219199,tran start,141,mi_1,193.5100999999995,r adj,1264066.44872355,476910.8625215276,Y,Y
ts.1.mi2,6.4000001,3.3,Postprocessed Code,6/30/2023 0:00:00,mistletoe2.cor,201.52,1,0.7,2.061388,tran start,122,mi_2,201.51989999999932,r adj,1267911.6702997696,475532.7457742834,Y,Y
ts.2.mi2,6.3000002,2.4000001,L1L2  Postprocessed Carrier Float,6/30/2023 0:00:00,mistletoe2.cor,198.975,1.1,0.5,0.519435,tran start,124,mi_2,198.97500000000582,r adj,1267903.131607527,475544.2385668211,Y,Y
ts.3.mi2,5.5999999,1.5,Postprocessed Code,6/30/2023 0:00:00,mistletoe2.cor,201.912,1,0.5,1.244079,tran start,129,mi_2,201.91229999999632,r adj,1267897.6296778647,475557.5917751469,Y,Y
ts.100.mk1,3.8,2.0999999,Postprocessed Code,7/7/2023 0:00:00,mistletoe3.cor,252.757,1,0.5,0.561144,tran start,100,mk_1,252.75680000000284,r adj,1248460.9486053942,480757.21789943613,Y,Y
ts.102.mk1,6.4000001,2.8,Postprocessed Code,7/7/2023 0:00:00,mistletoe3.cor,255.434,1.5,0.9,1.147207,tran start,102,mk_1,255.43409999999858,r adj,1248487.2543469837,480757.0507099279,Y,Y
ts.110.mk2,5.0999999,2.7,L1L2  Postprocessed Carrier Float,7/21/2023 0:00:00,mistletoe5.cor,395.472,0.8,0.4,0.518472,tran start,110,mk_2,395.4716000000044,r adj,1247619.7118693022,483354.4879164068,Y,Y
ts.109.mk2,5.3000002,3,Postprocessed Code,7/21/2023 0:00:00,mistletoe5.cor,391.462,0.6,0.5,0.735873,tran start,109,mk_2,391.4616999999998,r adj,1247637.032037292,483357.45192217943,Y,Y
ts.103.mk2,6.0999999,3.7,Postprocessed Code,7/21/2023 0:00:00,mistletoe5.cor,393.662,1.1,0.7,2.688099,tran start,103,mk_2,393.6622000000061,r adj,1247648.353147475,483357.3340355199,Y,Y
ts.121.mk3,5.6999998,2.8,Postprocessed Code,7/24/2023 0:00:00,mistletoe5.cor,199.442,0.7,0.4,0.892916,tran start,121,mk_3,199.44199999999546,r adj,1249938.1108908763,479319.52149726887,Y,Y
ts.120.mk3,6,5,Postprocessed Code,7/24/2023 0:00:00,mistletoe5.cor,195.397,0.3,0.3,1.004288,tran start,120,mk_3,195.3966999999975,r adj,1249932.4502798582,479307.3113305479,Y,Y
ts.115.mk3,3.5,1.8,Postprocessed Code,7/24/2023 0:00:00,mistletoe5.cor,193.379,0.4,0.3,0.88995899999999994,tran start,115,mk_3,193.37880000000587,r adj,1249927.0752924585,479293.41122426576,Y,Y
ts.136.mi1,6.9000001,5.0999999,Postprocessed Code,8/4/2023 0:00:00,mistletoe6.cor,198.012,1.2,0.8,1.143828,tran start,136,mi_1,198.0121000000072,r adj,1264044.8826067888,476892.0718765159,Y,Y
ts.166.cr1,5.4000001,3.3,Postprocessed Code,8/12/2023 0:00:00,mistletoe7.cor,103.059,0.8,0.6,1.597858,tran start,166,cr_1,103.05860000000393,r adj,1043648.7328795416,574052.9658324696,Y,Y
ts.165.cr1,4.5999999,2.2,Postprocessed Code,8/12/2023 0:00:00,mistletoe7.cor,94.758,0.9,0.6,1.620118,tran start,165,cr_1,94.75819999999658,r adj,1043662.4299748717,574064.7364059482,Y,Y
ts.164.cr1,10,4.6999998,Postprocessed Code,8/12/2023 0:00:00,mistletoe7.cor,100.548,0.8,0.5,1.378511,tran start,164,cr_1,100.54839999999967,r adj,1043673.574421662,574072.5073254007,Y,Y
ts.219.cr2,8.3999996,2.2,Postprocessed Code,8/26/2023 0:00:00,mistletoe8.cor,130.238,1.1,0.7,1.118786,tran start,219,cr_2,130.2378000000026,r adj,1041567.168150247,579390.5966310007,Y,Y
ts.221.cr2,10.3000002,4.4000001,L1L2  Postprocessed Carrier Float,8/26/2023 0:00:00,mistletoe8.cor,136.628,1.1,0.7,0.843787,tran start,221,cr_2,136.62780000000203,r adj,1041583.8224382744,579385.4917761117,Y,Y
ts.222.cr2,12.6999998,4,Postprocessed Code,8/26/2023 0:00:00,mistletoe8.cor,128.333,1.5,0.9,1.895627,tran start,222,cr_2,128.33310000000347,r adj,1041597.976516316,579379.9845116884,Y,Y
ts.258.ph1,4.3000002,2.5,L1L2  Postprocessed Carrier Float,8/31/2023 0:00:00,mistletoe8.cor,260.509,0.9,0.7,0.828031,tran start,258,ph_1,260.50930000000517,r adj,1048581.8787084064,451609.97487779416,Y,Y
ts.259.ph1,5.5,3.5999999,Postprocessed Code,8/31/2023 0:00:00,mistletoe8.cor,268.705,1.6,1.2,1.405187,tran start,259,ph_1,268.7051999999967,r adj,1048574.0272108933,451623.62162892317,Y,Y
ts.266.ph1,70.1999969,25.7000008,Postprocessed Code,8/31/2023 0:00:00,mistletoe8.cor,273.072,2.6,1.5,0.636763,tran start,266,ph_1,273.07240000000456,r adj,1048576.4471237443,451645.0164046443,Y,Y
ts.324.cr3,6.6999998,3.7,Postprocessed Code,7/19/2024 0:00:00,mistletoecr3.cor,91.338,0.9,0.6,1.624804,tran start,324,cr_3,91.33779999999388,r adj,1040204.5218197774,583733.5975198951,Y,Y
ts.252.cr3,9.8000002,5.5,Postprocessed Code,7/19/2024 0:00:00,mistletoecr3.cor,84.684,1.2,0.9,0.78322,tran start,252,cr_3,84.68409999999858,r adj,1040225.4422681258,583740.8530874392,Y,Y
ts.249.cr3,4.3000002,2.5999999,L1  Postprocessed Carrier Float,7/19/2024 0:00:00,mistletoecr3.cor,83.358,0.9,0.6,0.79277,tran start,249,cr_3,83.35839999999735,r adj,1040237.6423148344,583738.7095976312,Y,Y
ts.250.ph2,4.6999998,2.4000001,Postprocessed Code,6/11/2024 0:00:00,mistletoe11.cor,68.953,0.6,0.5,0.8312,tran start,250,ph_2,68.95260000000417,diff gps,1046844.2863104146,455066.29058165225,Y,Y
ts.101.mk1,5.6999998,2.4000001,Postprocessed Code,7/7/2023 0:00:00,mistletoe3.cor,247.18,1.4,0.8,1.002424,tran start,101,mk_1,247.17979999999807,diff gps,1248468.4830683658,480760.6240633593,Y,Y
ts.250.ph2,4.6999998,2.4000001,Postprocessed Code,6/11/2024 0:00:00,mistletoe11.cor,68.953,0.6,0.5,0.8312,tran end,250,ph_2,68.95260000000417,r adj,1046831.9990297502,455074.8942281975,N,Y
ts.101.mk1,5.6999998,2.4000001,Postprocessed Code,7/7/2023 0:00:00,mistletoe3.cor,247.18,1.4,0.8,1.002424,tran end,101,mk_1,247.17979999999807,r adj,1248468.4830683658,480739.3240633593,N,Y
ed.2.mi2,6,4.5,L1  Postprocessed Carrier Float,6/30/2023 0:00:00,mistletoe2.cor,206.381,0.5,0.4,1.284625,stem map,20,mi_2,206.3813999999984,diff gps,1267890.9908089312,475568.3372711236,Y,Y
